[
  {
    "pk": 1,
    "model": "app.resolutionbyyear",
    "fields": {
      "date": "2012-01-01 06:00:00",
      "percentage": 85,
      "resolution": "Higher"
    }
  },
  {
    "pk": 2,
    "model": "app.resolutionbyyear",
    "fields": {
      "date": "2011-01-01 06:00:00",
      "percentage": 85,
      "resolution": "Higher"
    }
  },
  {
    "pk": 3,
    "model": "app.resolutionbyyear",
    "fields": {
      "date": "2010-01-01 06:00:00",
      "percentage": 76,
      "resolution": "Higher"
    }
  },
  {
    "pk": 4,
    "model": "app.resolutionbyyear",
    "fields": {
      "date": "2009-01-01 06:00:00",
      "percentage": 57,
      "resolution": "Higher"
    }
  },
  {
    "pk": 5,
    "model": "app.resolutionbyyear",
    "fields": {
      "date": "2008-01-01 06:00:00",
      "percentage": 38,
      "resolution": "Higher"
    }
  },
  {
    "pk": 6,
    "model": "app.resolutionbyyear",
    "fields": {
      "date": "2007-01-01 06:00:00",
      "percentage": 26,
      "resolution": "Higher"
    }
  },
  {
    "pk": 7,
    "model": "app.resolutionbyyear",
    "fields": {
      "date": "2006-01-01 06:00:00",
      "percentage": 17,
      "resolution": "Higher"
    }
  },
  {
    "pk": 8,
    "model": "app.resolutionbyyear",
    "fields": {
      "date": "2005-01-01 06:00:00",
      "percentage": 12,
      "resolution": "Higher"
    }
  },
  {
    "pk": 9,
    "model": "app.resolutionbyyear",
    "fields": {
      "date": "2004-01-01 06:00:00",
      "percentage": 10,
      "resolution": "Higher"
    }
  },
  {
    "pk": 10,
    "model": "app.resolutionbyyear",
    "fields": {
      "date": "2003-01-01 06:00:00",
      "percentage": 6,
      "resolution": "Higher"
    }
  },
  {
    "pk": 11,
    "model": "app.resolutionbyyear",
    "fields": {
      "date": "2002-01-01 06:00:00",
      "percentage": 6,
      "resolution": "Higher"
    }
  },
  {
    "pk": 12,
    "model": "app.resolutionbyyear",
    "fields": {
      "date": "2001-01-01 06:00:00",
      "percentage": 5,
      "resolution": "Higher"
    }
  },
  {
    "pk": 13,
    "model": "app.resolutionbyyear",
    "fields": {
      "date": "2000-01-01 06:00:00",
      "percentage": 4,
      "resolution": "Higher"
    }
  },
  {
    "pk": 14,
    "model": "app.resolutionbyyear",
    "fields": {
      "date": "2012-01-01 06:00:00",
      "percentage": 13,
      "resolution": "1024x768"
    }
  },
  {
    "pk": 15,
    "model": "app.resolutionbyyear",
    "fields": {
      "date": "2011-01-01 06:00:00",
      "percentage": 14,
      "resolution": "1024x768"
    }
  },
  {
    "pk": 16,
    "model": "app.resolutionbyyear",
    "fields": {
      "date": "2010-01-01 06:00:00",
      "percentage": 20,
      "resolution": "1024x768"
    }
  },
  {
    "pk": 17,
    "model": "app.resolutionbyyear",
    "fields": {
      "date": "2009-01-01 06:00:00",
      "percentage": 36,
      "resolution": "1024x768"
    }
  },
  {
    "pk": 18,
    "model": "app.resolutionbyyear",
    "fields": {
      "date": "2008-01-01 06:00:00",
      "percentage": 48,
      "resolution": "1024x768"
    }
  },
  {
    "pk": 19,
    "model": "app.resolutionbyyear",
    "fields": {
      "date": "2007-01-01 06:00:00",
      "percentage": 54,
      "resolution": "1024x768"
    }
  },
  {
    "pk": 20,
    "model": "app.resolutionbyyear",
    "fields": {
      "date": "2006-01-01 06:00:00",
      "percentage": 57,
      "resolution": "1024x768"
    }
  },
  {
    "pk": 21,
    "model": "app.resolutionbyyear",
    "fields": {
      "date": "2005-01-01 06:00:00",
      "percentage": 53,
      "resolution": "1024x768"
    }
  },
  {
    "pk": 22,
    "model": "app.resolutionbyyear",
    "fields": {
      "date": "2004-01-01 06:00:00",
      "percentage": 47,
      "resolution": "1024x768"
    }
  },
  {
    "pk": 23,
    "model": "app.resolutionbyyear",
    "fields": {
      "date": "2003-01-01 06:00:00",
      "percentage": 40,
      "resolution": "1024x768"
    }
  },
  {
    "pk": 24,
    "model": "app.resolutionbyyear",
    "fields": {
      "date": "2002-01-01 06:00:00",
      "percentage": 34,
      "resolution": "1024x768"
    }
  },
  {
    "pk": 25,
    "model": "app.resolutionbyyear",
    "fields": {
      "date": "2001-01-01 06:00:00",
      "percentage": 29,
      "resolution": "1024x768"
    }
  },
  {
    "pk": 26,
    "model": "app.resolutionbyyear",
    "fields": {
      "date": "2000-01-01 06:00:00",
      "percentage": 25,
      "resolution": "1024x768"
    }
  },
  {
    "pk": 27,
    "model": "app.resolutionbyyear",
    "fields": {
      "date": "2012-01-01 06:00:00",
      "percentage": 1,
      "resolution": "800x600"
    }
  },
  {
    "pk": 28,
    "model": "app.resolutionbyyear",
    "fields": {
      "date": "2011-01-01 06:00:00",
      "percentage": 0,
      "resolution": "800x600"
    }
  },
  {
    "pk": 29,
    "model": "app.resolutionbyyear",
    "fields": {
      "date": "2010-01-01 06:00:00",
      "percentage": 1,
      "resolution": "800x600"
    }
  },
  {
    "pk": 30,
    "model": "app.resolutionbyyear",
    "fields": {
      "date": "2009-01-01 06:00:00",
      "percentage": 4,
      "resolution": "800x600"
    }
  },
  {
    "pk": 31,
    "model": "app.resolutionbyyear",
    "fields": {
      "date": "2008-01-01 06:00:00",
      "percentage": 8,
      "resolution": "800x600"
    }
  },
  {
    "pk": 32,
    "model": "app.resolutionbyyear",
    "fields": {
      "date": "2007-01-01 06:00:00",
      "percentage": 14,
      "resolution": "800x600"
    }
  },
  {
    "pk": 33,
    "model": "app.resolutionbyyear",
    "fields": {
      "date": "2006-01-01 06:00:00",
      "percentage": 20,
      "resolution": "800x600"
    }
  },
  {
    "pk": 34,
    "model": "app.resolutionbyyear",
    "fields": {
      "date": "2005-01-01 06:00:00",
      "percentage": 30,
      "resolution": "800x600"
    }
  },
  {
    "pk": 35,
    "model": "app.resolutionbyyear",
    "fields": {
      "date": "2004-01-01 06:00:00",
      "percentage": 37,
      "resolution": "800x600"
    }
  },
  {
    "pk": 36,
    "model": "app.resolutionbyyear",
    "fields": {
      "date": "2003-01-01 06:00:00",
      "percentage": 47,
      "resolution": "800x600"
    }
  },
  {
    "pk": 37,
    "model": "app.resolutionbyyear",
    "fields": {
      "date": "2002-01-01 06:00:00",
      "percentage": 52,
      "resolution": "800x600"
    }
  },
  {
    "pk": 38,
    "model": "app.resolutionbyyear",
    "fields": {
      "date": "2001-01-01 06:00:00",
      "percentage": 55,
      "resolution": "800x600"
    }
  },
  {
    "pk": 39,
    "model": "app.resolutionbyyear",
    "fields": {
      "date": "2000-01-01 06:00:00",
      "percentage": 56,
      "resolution": "800x600"
    }
  },
  {
    "pk": 40,
    "model": "app.resolutionbyyear",
    "fields": {
      "date": "2012-01-01 06:00:00",
      "percentage": 0,
      "resolution": "640x480"
    }
  },
  {
    "pk": 41,
    "model": "app.resolutionbyyear",
    "fields": {
      "date": "2011-01-01 06:00:00",
      "percentage": 0,
      "resolution": "640x480"
    }
  },
  {
    "pk": 42,
    "model": "app.resolutionbyyear",
    "fields": {
      "date": "2010-01-01 06:00:00",
      "percentage": 0,
      "resolution": "640x480"
    }
  },
  {
    "pk": 43,
    "model": "app.resolutionbyyear",
    "fields": {
      "date": "2009-01-01 06:00:00",
      "percentage": 0,
      "resolution": "640x480"
    }
  },
  {
    "pk": 44,
    "model": "app.resolutionbyyear",
    "fields": {
      "date": "2008-01-01 06:00:00",
      "percentage": 0,
      "resolution": "640x480"
    }
  },
  {
    "pk": 45,
    "model": "app.resolutionbyyear",
    "fields": {
      "date": "2007-01-01 06:00:00",
      "percentage": 0,
      "resolution": "640x480"
    }
  },
  {
    "pk": 46,
    "model": "app.resolutionbyyear",
    "fields": {
      "date": "2006-01-01 06:00:00",
      "percentage": 0,
      "resolution": "640x480"
    }
  },
  {
    "pk": 47,
    "model": "app.resolutionbyyear",
    "fields": {
      "date": "2005-01-01 06:00:00",
      "percentage": 0,
      "resolution": "640x480"
    }
  },
  {
    "pk": 48,
    "model": "app.resolutionbyyear",
    "fields": {
      "date": "2004-01-01 06:00:00",
      "percentage": 1,
      "resolution": "640x480"
    }
  },
  {
    "pk": 49,
    "model": "app.resolutionbyyear",
    "fields": {
      "date": "2003-01-01 06:00:00",
      "percentage": 2,
      "resolution": "640x480"
    }
  },
  {
    "pk": 50,
    "model": "app.resolutionbyyear",
    "fields": {
      "date": "2002-01-01 06:00:00",
      "percentage": 3,
      "resolution": "640x480"
    }
  },
  {
    "pk": 51,
    "model": "app.resolutionbyyear",
    "fields": {
      "date": "2001-01-01 06:00:00",
      "percentage": 6,
      "resolution": "640x480"
    }
  },
  {
    "pk": 52,
    "model": "app.resolutionbyyear",
    "fields": {
      "date": "2000-01-01 06:00:00",
      "percentage": 11,
      "resolution": "640x480"
    }
  },
  {
    "pk": 53,
    "model": "app.resolutionbyyear",
    "fields": {
      "date": "2012-01-01 06:00:00",
      "percentage": 1,
      "resolution": "Other"
    }
  },
  {
    "pk": 54,
    "model": "app.resolutionbyyear",
    "fields": {
      "date": "2011-01-01 06:00:00",
      "percentage": 1,
      "resolution": "Other"
    }
  },
  {
    "pk": 55,
    "model": "app.resolutionbyyear",
    "fields": {
      "date": "2010-01-01 06:00:00",
      "percentage": 3,
      "resolution": "Other"
    }
  },
  {
    "pk": 56,
    "model": "app.resolutionbyyear",
    "fields": {
      "date": "2009-01-01 06:00:00",
      "percentage": 3,
      "resolution": "Other"
    }
  },
  {
    "pk": 57,
    "model": "app.resolutionbyyear",
    "fields": {
      "date": "2008-01-01 06:00:00",
      "percentage": 6,
      "resolution": "Other"
    }
  },
  {
    "pk": 58,
    "model": "app.resolutionbyyear",
    "fields": {
      "date": "2007-01-01 06:00:00",
      "percentage": 6,
      "resolution": "Other"
    }
  },
  {
    "pk": 59,
    "model": "app.resolutionbyyear",
    "fields": {
      "date": "2006-01-01 06:00:00",
      "percentage": 6,
      "resolution": "Other"
    }
  },
  {
    "pk": 60,
    "model": "app.resolutionbyyear",
    "fields": {
      "date": "2005-01-01 06:00:00",
      "percentage": 5,
      "resolution": "Other"
    }
  },
  {
    "pk": 61,
    "model": "app.resolutionbyyear",
    "fields": {
      "date": "2004-01-01 06:00:00",
      "percentage": 5,
      "resolution": "Other"
    }
  },
  {
    "pk": 62,
    "model": "app.resolutionbyyear",
    "fields": {
      "date": "2003-01-01 06:00:00",
      "percentage": 5,
      "resolution": "Other"
    }
  },
  {
    "pk": 63,
    "model": "app.resolutionbyyear",
    "fields": {
      "date": "2002-01-01 06:00:00",
      "percentage": 5,
      "resolution": "Other"
    }
  },
  {
    "pk": 64,
    "model": "app.resolutionbyyear",
    "fields": {
      "date": "2001-01-01 06:00:00",
      "percentage": 5,
      "resolution": "Other"
    }
  },
  {
    "pk": 65,
    "model": "app.resolutionbyyear",
    "fields": {
      "date": "2000-05-20 05:00:00",
      "percentage": 4,
      "resolution": "Other"
    }
  },
  {
    "pk": 1,
    "model": "app.population",
    "fields": {
      "age": 0,
      "men": 8384,
      "women": 8066
    }
  },
  {
    "pk": 2,
    "model": "app.population",
    "fields": {
      "age": 1,
      "men": 8491,
      "women": 7981
    }
  },
  {
    "pk": 3,
    "model": "app.population",
    "fields": {
      "age": 2,
      "men": 9437,
      "women": 9047
    }
  },
  {
    "pk": 4,
    "model": "app.population",
    "fields": {
      "age": 3,
      "men": 9340,
      "women": 9113
    }
  },
  {
    "pk": 5,
    "model": "app.population",
    "fields": {
      "age": 4,
      "men": 9333,
      "women": 9037
    }
  },
  {
    "pk": 6,
    "model": "app.population",
    "fields": {
      "age": 5,
      "men": 9099,
      "women": 8814
    }
  },
  {
    "pk": 7,
    "model": "app.population",
    "fields": {
      "age": 6,
      "men": 9179,
      "women": 8719
    }
  },
  {
    "pk": 8,
    "model": "app.population",
    "fields": {
      "age": 7,
      "men": 9627,
      "women": 9338
    }
  },
  {
    "pk": 9,
    "model": "app.population",
    "fields": {
      "age": 8,
      "men": 9992,
      "women": 9473
    }
  },
  {
    "pk": 10,
    "model": "app.population",
    "fields": {
      "age": 9,
      "men": 9770,
      "women": 9404
    }
  },
  {
    "pk": 11,
    "model": "app.population",
    "fields": {
      "age": 10,
      "men": 9869,
      "women": 9397
    }
  },
  {
    "pk": 12,
    "model": "app.population",
    "fields": {
      "age": 11,
      "men": 9391,
      "women": 8749
    }
  },
  {
    "pk": 13,
    "model": "app.population",
    "fields": {
      "age": 12,
      "men": 9517,
      "women": 9187
    }
  },
  {
    "pk": 14,
    "model": "app.population",
    "fields": {
      "age": 13,
      "men": 9356,
      "women": 9115
    }
  },
  {
    "pk": 15,
    "model": "app.population",
    "fields": {
      "age": 14,
      "men": 9850,
      "women": 9662
    }
  },
  {
    "pk": 16,
    "model": "app.population",
    "fields": {
      "age": 15,
      "men": 9969,
      "women": 9668
    }
  },
  {
    "pk": 17,
    "model": "app.population",
    "fields": {
      "age": 16,
      "men": 9907,
      "women": 9418
    }
  },
  {
    "pk": 18,
    "model": "app.population",
    "fields": {
      "age": 17,
      "men": 10129,
      "women": 9630
    }
  },
  {
    "pk": 19,
    "model": "app.population",
    "fields": {
      "age": 18,
      "men": 10809,
      "women": 10692
    }
  },
  {
    "pk": 20,
    "model": "app.population",
    "fields": {
      "age": 19,
      "men": 10067,
      "women": 10498
    }
  },
  {
    "pk": 21,
    "model": "app.population",
    "fields": {
      "age": 20,
      "men": 10492,
      "women": 10774
    }
  },
  {
    "pk": 22,
    "model": "app.population",
    "fields": {
      "age": 21,
      "men": 10512,
      "women": 10831
    }
  },
  {
    "pk": 23,
    "model": "app.population",
    "fields": {
      "age": 22,
      "men": 10736,
      "women": 11072
    }
  },
  {
    "pk": 24,
    "model": "app.population",
    "fields": {
      "age": 23,
      "men": 10603,
      "women": 10877
    }
  },
  {
    "pk": 25,
    "model": "app.population",
    "fields": {
      "age": 24,
      "men": 10610,
      "women": 10991
    }
  },
  {
    "pk": 26,
    "model": "app.population",
    "fields": {
      "age": 25,
      "men": 10958,
      "women": 11383
    }
  },
  {
    "pk": 27,
    "model": "app.population",
    "fields": {
      "age": 26,
      "men": 10666,
      "women": 11153
    }
  },
  {
    "pk": 28,
    "model": "app.population",
    "fields": {
      "age": 27,
      "men": 10748,
      "women": 11205
    }
  },
  {
    "pk": 29,
    "model": "app.population",
    "fields": {
      "age": 28,
      "men": 10689,
      "women": 10890
    }
  },
  {
    "pk": 30,
    "model": "app.population",
    "fields": {
      "age": 29,
      "men": 9664,
      "women": 10078
    }
  },
  {
    "pk": 31,
    "model": "app.population",
    "fields": {
      "age": 30,
      "men": 10195,
      "women": 10549
    }
  },
  {
    "pk": 32,
    "model": "app.population",
    "fields": {
      "age": 31,
      "men": 8314,
      "women": 8764
    }
  },
  {
    "pk": 33,
    "model": "app.population",
    "fields": {
      "age": 32,
      "men": 8927,
      "women": 9571
    }
  },
  {
    "pk": 34,
    "model": "app.population",
    "fields": {
      "age": 33,
      "men": 8835,
      "women": 9032
    }
  },
  {
    "pk": 35,
    "model": "app.population",
    "fields": {
      "age": 34,
      "men": 8433,
      "women": 8958
    }
  },
  {
    "pk": 36,
    "model": "app.population",
    "fields": {
      "age": 35,
      "men": 8216,
      "women": 8627
    }
  },
  {
    "pk": 37,
    "model": "app.population",
    "fields": {
      "age": 36,
      "men": 7803,
      "women": 8439
    }
  },
  {
    "pk": 38,
    "model": "app.population",
    "fields": {
      "age": 37,
      "men": 7247,
      "women": 7983
    }
  },
  {
    "pk": 39,
    "model": "app.population",
    "fields": {
      "age": 38,
      "men": 7977,
      "women": 8632
    }
  },
  {
    "pk": 40,
    "model": "app.population",
    "fields": {
      "age": 39,
      "men": 7458,
      "women": 8224
    }
  },
  {
    "pk": 41,
    "model": "app.population",
    "fields": {
      "age": 40,
      "men": 9107,
      "women": 10151
    }
  },
  {
    "pk": 42,
    "model": "app.population",
    "fields": {
      "age": 41,
      "men": 7493,
      "women": 8100
    }
  },
  {
    "pk": 43,
    "model": "app.population",
    "fields": {
      "age": 42,
      "men": 8952,
      "women": 10027
    }
  },
  {
    "pk": 44,
    "model": "app.population",
    "fields": {
      "age": 43,
      "men": 8271,
      "women": 9117
    }
  },
  {
    "pk": 45,
    "model": "app.population",
    "fields": {
      "age": 44,
      "men": 7480,
      "women": 8510
    }
  },
  {
    "pk": 46,
    "model": "app.population",
    "fields": {
      "age": 45,
      "men": 8224,
      "women": 9310
    }
  },
  {
    "pk": 47,
    "model": "app.population",
    "fields": {
      "age": 46,
      "men": 7048,
      "women": 8611
    }
  },
  {
    "pk": 48,
    "model": "app.population",
    "fields": {
      "age": 47,
      "men": 7721,
      "women": 8649
    }
  },
  {
    "pk": 49,
    "model": "app.population",
    "fields": {
      "age": 48,
      "men": 7707,
      "women": 8760
    }
  },
  {
    "pk": 50,
    "model": "app.population",
    "fields": {
      "age": 49,
      "men": 7101,
      "women": 7853
    }
  },
  {
    "pk": 51,
    "model": "app.population",
    "fields": {
      "age": 50,
      "men": 7939,
      "women": 9515
    }
  },
  {
    "pk": 52,
    "model": "app.population",
    "fields": {
      "age": 51,
      "men": 5517,
      "women": 6743
    }
  },
  {
    "pk": 53,
    "model": "app.population",
    "fields": {
      "age": 52,
      "men": 7025,
      "women": 8432
    }
  },
  {
    "pk": 54,
    "model": "app.population",
    "fields": {
      "age": 53,
      "men": 6323,
      "women": 7515
    }
  },
  {
    "pk": 55,
    "model": "app.population",
    "fields": {
      "age": 54,
      "men": 6407,
      "women": 7928
    }
  },
  {
    "pk": 56,
    "model": "app.population",
    "fields": {
      "age": 55,
      "men": 5668,
      "women": 6942
    }
  },
  {
    "pk": 57,
    "model": "app.population",
    "fields": {
      "age": 56,
      "men": 5801,
      "women": 7273
    }
  },
  {
    "pk": 58,
    "model": "app.population",
    "fields": {
      "age": 57,
      "men": 5291,
      "women": 6633
    }
  },
  {
    "pk": 59,
    "model": "app.population",
    "fields": {
      "age": 58,
      "men": 5589,
      "women": 7312
    }
  },
  {
    "pk": 60,
    "model": "app.population",
    "fields": {
      "age": 59,
      "men": 5204,
      "women": 6454
    }
  },
  {
    "pk": 61,
    "model": "app.population",
    "fields": {
      "age": 60,
      "men": 6200,
      "women": 8409
    }
  },
  {
    "pk": 62,
    "model": "app.population",
    "fields": {
      "age": 61,
      "men": 4326,
      "women": 5537
    }
  },
  {
    "pk": 63,
    "model": "app.population",
    "fields": {
      "age": 62,
      "men": 5056,
      "women": 6967
    }
  },
  {
    "pk": 64,
    "model": "app.population",
    "fields": {
      "age": 63,
      "men": 5176,
      "women": 6599
    }
  },
  {
    "pk": 65,
    "model": "app.population",
    "fields": {
      "age": 64,
      "men": 4996,
      "women": 7060
    }
  },
  {
    "pk": 66,
    "model": "app.population",
    "fields": {
      "age": 65,
      "men": 4980,
      "women": 7409
    }
  },
  {
    "pk": 67,
    "model": "app.population",
    "fields": {
      "age": 66,
      "men": 3781,
      "women": 5554
    }
  },
  {
    "pk": 68,
    "model": "app.population",
    "fields": {
      "age": 67,
      "men": 4167,
      "women": 5856
    }
  },
  {
    "pk": 69,
    "model": "app.population",
    "fields": {
      "age": 68,
      "men": 4247,
      "women": 6319
    }
  },
  {
    "pk": 70,
    "model": "app.population",
    "fields": {
      "age": 69,
      "men": 4123,
      "women": 5923
    }
  },
  {
    "pk": 71,
    "model": "app.population",
    "fields": {
      "age": 70,
      "men": 4901,
      "women": 7813
    }
  },
  {
    "pk": 72,
    "model": "app.population",
    "fields": {
      "age": 71,
      "men": 3504,
      "women": 5539
    }
  },
  {
    "pk": 73,
    "model": "app.population",
    "fields": {
      "age": 72,
      "men": 4330,
      "women": 6965
    }
  },
  {
    "pk": 74,
    "model": "app.population",
    "fields": {
      "age": 73,
      "men": 4054,
      "women": 6605
    }
  },
  {
    "pk": 75,
    "model": "app.population",
    "fields": {
      "age": 74,
      "men": 4053,
      "women": 6649
    }
  },
  {
    "pk": 76,
    "model": "app.population",
    "fields": {
      "age": 75,
      "men": 3827,
      "women": 6377
    }
  },
  {
    "pk": 77,
    "model": "app.population",
    "fields": {
      "age": 76,
      "men": 3315,
      "women": 5680
    }
  },
  {
    "pk": 78,
    "model": "app.population",
    "fields": {
      "age": 77,
      "men": 2835,
      "women": 4864
    }
  },
  {
    "pk": 79,
    "model": "app.population",
    "fields": {
      "age": 78,
      "men": 2864,
      "women": 5233
    }
  },
  {
    "pk": 80,
    "model": "app.population",
    "fields": {
      "age": 79,
      "men": 2325,
      "women": 4346
    }
  },
  {
    "pk": 81,
    "model": "app.population",
    "fields": {
      "age": 80,
      "men": 2669,
      "women": 5139
    }
  },
  {
    "pk": 82,
    "model": "app.population",
    "fields": {
      "age": 81,
      "men": 1793,
      "women": 3388
    }
  },
  {
    "pk": 83,
    "model": "app.population",
    "fields": {
      "age": 82,
      "men": 1853,
      "women": 3877
    }
  },
  {
    "pk": 84,
    "model": "app.population",
    "fields": {
      "age": 83,
      "men": 1558,
      "women": 3497
    }
  },
  {
    "pk": 85,
    "model": "app.population",
    "fields": {
      "age": 84,
      "men": 1362,
      "women": 3157
    }
  },
  {
    "pk": 86,
    "model": "app.population",
    "fields": {
      "age": 85,
      "men": 1112,
      "women": 2664
    }
  },
  {
    "pk": 87,
    "model": "app.population",
    "fields": {
      "age": 86,
      "men": 930,
      "women": 2320
    }
  },
  {
    "pk": 88,
    "model": "app.population",
    "fields": {
      "age": 87,
      "men": 714,
      "women": 1861
    }
  },
  {
    "pk": 89,
    "model": "app.population",
    "fields": {
      "age": 88,
      "men": 537,
      "women": 1581
    }
  },
  {
    "pk": 90,
    "model": "app.population",
    "fields": {
      "age": 89,
      "men": 518,
      "women": 1471
    }
  },
  {
    "pk": 91,
    "model": "app.population",
    "fields": {
      "age": 90,
      "men": 452,
      "women": 1606
    }
  },
  {
    "pk": 92,
    "model": "app.population",
    "fields": {
      "age": 91,
      "men": 339,
      "women": 994
    }
  },
  {
    "pk": 93,
    "model": "app.population",
    "fields": {
      "age": 92,
      "men": 257,
      "women": 919
    }
  },
  {
    "pk": 94,
    "model": "app.population",
    "fields": {
      "age": 93,
      "men": 188,
      "women": 704
    }
  },
  {
    "pk": 95,
    "model": "app.population",
    "fields": {
      "age": 94,
      "men": 151,
      "women": 583
    }
  },
  {
    "pk": 96,
    "model": "app.population",
    "fields": {
      "age": 95,
      "men": 99,
      "women": 400
    }
  },
  {
    "pk": 97,
    "model": "app.population",
    "fields": {
      "age": 96,
      "men": 77,
      "women": 307
    }
  },
  {
    "pk": 98,
    "model": "app.population",
    "fields": {
      "age": 97,
      "men": 43,
      "women": 204
    }
  },
  {
    "pk": 99,
    "model": "app.population",
    "fields": {
      "age": 98,
      "men": 38,
      "women": 156
    }
  },
  {
    "pk": 100,
    "model": "app.population",
    "fields": {
      "age": 99,
      "men": 24,
      "women": 126
    }
  },
  {
    "pk": 101,
    "model": "app.population",
    "fields": {
      "age": 100,
      "men": 30,
      "women": 163
    }
  },
  {
    "pk": 1,
    "model": "app.company",
    "fields": {
      "name": "Microsoft"
    }
  },
  {
    "pk": 2,
    "model": "app.company",
    "fields": {
      "name": "Linux"
    }
  },
  {
    "pk": 3,
    "model": "app.company",
    "fields": {
      "name": "Apple"
    }
  },
  {
    "pk": 4,
    "model": "app.company",
    "fields": {
      "name": "Samsung"
    }
  },
  {
    "pk": 1,
    "model": "app.os",
    "fields": {
      "company": 1,
      "name": "Win7"
    }
  },
  {
    "pk": 2,
    "model": "app.os",
    "fields": {
      "company": 1,
      "name": "Vista"
    }
  },
  {
    "pk": 3,
    "model": "app.os",
    "fields": {
      "company": 1,
      "name": "NT"
    }
  },
  {
    "pk": 4,
    "model": "app.os",
    "fields": {
      "company": 1,
      "name": "WinXP"
    }
  },
  {
    "pk": 5,
    "model": "app.os",
    "fields": {
      "company": 2,
      "name": "Ubuntu"
    }
  },
  {
    "pk": 6,
    "model": "app.os",
    "fields": {
      "company": 3,
      "name": "Mac"
    }
  },
  {
    "pk": 7,
    "model": "app.os",
    "fields": {
      "company": 4,
      "name": "Mobile"
    }
  },
  {
    "pk": 1,
    "model": "app.support",
    "fields": {
      "name": "HTML4.1"
    }
  },
  {
    "pk": 2,
    "model": "app.support",
    "fields": {
      "name": "HTML5"
    }
  },
  {
    "pk": 3,
    "model": "app.support",
    "fields": {
      "name": "CSS"
    }
  },
  {
    "pk": 4,
    "model": "app.support",
    "fields": {
      "name": "CSS3"
    }
  },
  {
    "pk": 5,
    "model": "app.support",
    "fields": {
      "name": "SVG"
    }
  },
  {
    "pk": 6,
    "model": "app.support",
    "fields": {
      "name": "PNG"
    }
  },
  {
    "pk": 7,
    "model": "app.support",
    "fields": {
      "name": "JPEG"
    }
  },
  {
    "pk": 8,
    "model": "app.support",
    "fields": {
      "name": "GIF"
    }
  },
  {
    "pk": 1,
    "model": "app.browser",
    "fields": {
      "supports": [
        1,
        3,
        5,
        6,
        7,
        8
      ],
      "run_on": [
        1,
        2,
        3,
        4
      ],
      "is_active": true,
      "name": "Internet Explorer"
    }
  },
  {
    "pk": 2,
    "model": "app.browser",
    "fields": {
      "supports": [
        1,
        2,
        3,
        4,
        5,
        6,
        7,
        8
      ],
      "run_on": [
        1,
        2,
        4,
        5,
        6,
        7
      ],
      "is_active": true,
      "name": "Firefox"
    }
  },
  {
    "pk": 3,
    "model": "app.browser",
    "fields": {
      "supports": [
        1,
        2,
        3,
        4,
        5,
        6,
        7,
        8
      ],
      "run_on": [
        1,
        2,
        4,
        5,
        6,
        7
      ],
      "is_active": true,
      "name": "Chrome"
    }
  },
  {
    "pk": 4,
    "model": "app.browser",
    "fields": {
      "supports": [
        5,
        6,
        7,
        8
      ],
      "run_on": [
        3,
        5,
        6,
        7
      ],
      "is_active": true,
      "name": "I18n&\u00e9\u00d1*%$(\u00e2\u00c7"
    }
  },
  {
    "pk": 5,
    "model": "app.browser",
    "fields": {
      "supports": [
        1,
        2,
        3,
        4,
        5,
        6,
        7,
        8
      ],
      "run_on": [
        1,
        2,
        3,
        4,
        5,
        6,
        7
      ],
      "is_active": true,
      "name": "Opera"
    }
  },
  {
    "pk": 1,
    "model": "app.browserdownload",
    "fields": {
      "username": "Steven Carpenter",
      "download_price": "29.85",
      "os": null,
      "download_date": "2011-10-21",
      "browser": 1
    }
  },
  {
    "pk": 2,
    "model": "app.browserdownload",
    "fields": {
      "username": "Amal Church",
      "download_price": "203.42",
      "os": 6,
      "download_date": "2013-02-28",
      "browser": 2
    }
  },
  {
    "pk": 3,
    "model": "app.browserdownload",
    "fields": {
      "username": "Cade Bradley",
      "download_price": "645.85",
      "os": null,
      "download_date": "2012-11-01",
      "browser": 1
    }
  },
  {
    "pk": 4,
    "model": "app.browserdownload",
    "fields": {
      "username": "Abdul Cleveland",
      "download_price": "253.65",
      "os": 6,
      "download_date": "2013-04-27",
      "browser": 1
    }
  },
  {
    "pk": 5,
    "model": "app.browserdownload",
    "fields": {
      "username": "Malachi Trevino",
      "download_price": "448.61",
      "os": 6,
      "download_date": "2013-03-21",
      "browser": 1
    }
  },
  {
    "pk": 6,
    "model": "app.browserdownload",
    "fields": {
      "username": "Kibo Harvey",
      "download_price": "419.74",
      "os": 6,
      "download_date": "2012-04-07",
      "browser": 5
    }
  },
  {
    "pk": 7,
    "model": "app.browserdownload",
    "fields": {
      "username": "Mark Holmes",
      "download_price": "901.62",
      "os": 4,
      "download_date": "2012-01-07",
      "browser": 3
    }
  },
  {
    "pk": 8,
    "model": "app.browserdownload",
    "fields": {
      "username": "Lance Hall",
      "download_price": "69.81",
      "os": 2,
      "download_date": "2012-11-09",
      "browser": 2
    }
  },
  {
    "pk": 9,
    "model": "app.browserdownload",
    "fields": {
      "username": "Jerry Kirk",
      "download_price": "424.76",
      "os": 3,
      "download_date": "2013-04-28",
      "browser": 2
    }
  },
  {
    "pk": 10,
    "model": "app.browserdownload",
    "fields": {
      "username": "Matthew Hatfield",
      "download_price": "168.88",
      "os": 4,
      "download_date": "2012-10-23",
      "browser": 2
    }
  },
  {
    "pk": 11,
    "model": "app.browserdownload",
    "fields": {
      "username": "Ivor Riley",
      "download_price": "531.57",
      "os": 6,
      "download_date": "2013-05-31",
      "browser": 4
    }
  },
  {
    "pk": 12,
    "model": "app.browserdownload",
    "fields": {
      "username": "Wallace Mendoza",
      "download_price": "141.68",
      "os": 3,
      "download_date": "2012-03-30",
      "browser": 4
    }
  },
  {
    "pk": 13,
    "model": "app.browserdownload",
    "fields": {
      "username": "Jerry Donovan",
      "download_price": "46.01",
      "os": 4,
      "download_date": "2012-08-30",
      "browser": 2
    }
  },
  {
    "pk": 14,
    "model": "app.browserdownload",
    "fields": {
      "username": "Lucian Suarez",
      "download_price": "968.95",
      "os": null,
      "download_date": "2012-03-29",
      "browser": 2
    }
  },
  {
    "pk": 15,
    "model": "app.browserdownload",
    "fields": {
      "username": "Edward Woodard",
      "download_price": "840.83",
      "os": 2,
      "download_date": "2012-05-09",
      "browser": 4
    }
  },
  {
    "pk": 16,
    "model": "app.browserdownload",
    "fields": {
      "username": "Forrest Spencer",
      "download_price": "249.33",
      "os": 7,
      "download_date": "2013-05-05",
      "browser": 3
    }
  },
  {
    "pk": 17,
    "model": "app.browserdownload",
    "fields": {
      "username": "Fritz Murray",
      "download_price": "108.08",
      "os": 7,
      "download_date": "2012-04-04",
      "browser": 3
    }
  },
  {
    "pk": 18,
    "model": "app.browserdownload",
    "fields": {
      "username": "Anthony Blackwell",
      "download_price": "310.14",
      "os": null,
      "download_date": "2013-04-04",
      "browser": 3
    }
  },
  {
    "pk": 19,
    "model": "app.browserdownload",
    "fields": {
      "username": "Sawyer Kane",
      "download_price": "981.87",
      "os": 4,
      "download_date": "2011-09-16",
      "browser": 5
    }
  },
  {
    "pk": 20,
    "model": "app.browserdownload",
    "fields": {
      "username": "Bernard Gilmore",
      "download_price": "8.29",
      "os": 6,
      "download_date": "2011-10-04",
      "browser": 1
    }
  },
  {
    "pk": 21,
    "model": "app.browserdownload",
    "fields": {
      "username": "Kevin Robles",
      "download_price": "280.06",
      "os": 5,
      "download_date": "2013-07-23",
      "browser": 3
    }
  },
  {
    "pk": 22,
    "model": "app.browserdownload",
    "fields": {
      "username": "Marsden Jacobs",
      "download_price": "820.13",
      "os": 1,
      "download_date": "2013-05-05",
      "browser": 4
    }
  },
  {
    "pk": 23,
    "model": "app.browserdownload",
    "fields": {
      "username": "Herrod Burris",
      "download_price": "453.77",
      "os": 7,
      "download_date": "2012-08-24",
      "browser": 3
    }
  },
  {
    "pk": 24,
    "model": "app.browserdownload",
    "fields": {
      "username": "Zachary Frost",
      "download_price": "213.79",
      "os": 6,
      "download_date": "2012-04-29",
      "browser": 5
    }
  },
  {
    "pk": 25,
    "model": "app.browserdownload",
    "fields": {
      "username": "Xanthus Chapman",
      "download_price": "131.51",
      "os": 2,
      "download_date": "2013-05-22",
      "browser": 4
    }
  },
  {
    "pk": 26,
    "model": "app.browserdownload",
    "fields": {
      "username": "Craig Faulkner",
      "download_price": "741.31",
      "os": null,
      "download_date": "2012-11-24",
      "browser": 3
    }
  },
  {
    "pk": 27,
    "model": "app.browserdownload",
    "fields": {
      "username": "Phillip Mercer",
      "download_price": "347.67",
      "os": null,
      "download_date": "2013-05-01",
      "browser": 3
    }
  },
  {
    "pk": 28,
    "model": "app.browserdownload",
    "fields": {
      "username": "Wesley Finch",
      "download_price": "759.1",
      "os": 6,
      "download_date": "2012-09-06",
      "browser": 5
    }
  },
  {
    "pk": 29,
    "model": "app.browserdownload",
    "fields": {
      "username": "Arthur Dillon",
      "download_price": "354.91",
      "os": 4,
      "download_date": "2013-01-15",
      "browser": 3
    }
  },
  {
    "pk": 30,
    "model": "app.browserdownload",
    "fields": {
      "username": "Neil Gallagher",
      "download_price": "545.54",
      "os": 5,
      "download_date": "2012-05-22",
      "browser": 4
    }
  },
  {
    "pk": 31,
    "model": "app.browserdownload",
    "fields": {
      "username": "Hayes Montgomery",
      "download_price": "319.34",
      "os": 1,
      "download_date": "2011-09-04",
      "browser": 4
    }
  },
  {
    "pk": 32,
    "model": "app.browserdownload",
    "fields": {
      "username": "Walker Osborn",
      "download_price": "908.34",
      "os": 3,
      "download_date": "2013-01-07",
      "browser": 5
    }
  },
  {
    "pk": 33,
    "model": "app.browserdownload",
    "fields": {
      "username": "Silas Compton",
      "download_price": "101.46",
      "os": 7,
      "download_date": "2011-11-14",
      "browser": 4
    }
  },
  {
    "pk": 34,
    "model": "app.browserdownload",
    "fields": {
      "username": "Hunter Lawrence",
      "download_price": "977.4",
      "os": null,
      "download_date": "2011-09-22",
      "browser": 5
    }
  },
  {
    "pk": 35,
    "model": "app.browserdownload",
    "fields": {
      "username": "Bruno Bentley",
      "download_price": "873.42",
      "os": 1,
      "download_date": "2012-12-19",
      "browser": 1
    }
  },
  {
    "pk": 36,
    "model": "app.browserdownload",
    "fields": {
      "username": "Felix Mejia",
      "download_price": "173.91",
      "os": null,
      "download_date": "2011-11-01",
      "browser": 1
    }
  },
  {
    "pk": 37,
    "model": "app.browserdownload",
    "fields": {
      "username": "Seth Hood",
      "download_price": "809.79",
      "os": 3,
      "download_date": "2011-08-29",
      "browser": 4
    }
  },
  {
    "pk": 38,
    "model": "app.browserdownload",
    "fields": {
      "username": "Perry Stewart",
      "download_price": "725.87",
      "os": 4,
      "download_date": "2012-12-27",
      "browser": 1
    }
  },
  {
    "pk": 39,
    "model": "app.browserdownload",
    "fields": {
      "username": "Jarrod Pena",
      "download_price": "855.35",
      "os": 1,
      "download_date": "2011-10-16",
      "browser": 4
    }
  },
  {
    "pk": 40,
    "model": "app.browserdownload",
    "fields": {
      "username": "Grant Hines",
      "download_price": "20.79",
      "os": 3,
      "download_date": "2013-04-27",
      "browser": 4
    }
  },
  {
    "pk": 41,
    "model": "app.browserdownload",
    "fields": {
      "username": "Lee Garrett",
      "download_price": "246.59",
      "os": 2,
      "download_date": "2012-03-29",
      "browser": 2
    }
  },
  {
    "pk": 42,
    "model": "app.browserdownload",
    "fields": {
      "username": "Sebastian Lowe",
      "download_price": "546.3",
      "os": null,
      "download_date": "2011-12-06",
      "browser": 2
    }
  },
  {
    "pk": 43,
    "model": "app.browserdownload",
    "fields": {
      "username": "Lane Hopper",
      "download_price": "985.1",
      "os": 7,
      "download_date": "2013-02-01",
      "browser": 2
    }
  },
  {
    "pk": 44,
    "model": "app.browserdownload",
    "fields": {
      "username": "Anthony Raymond",
      "download_price": "753.24",
      "os": 7,
      "download_date": "2012-12-29",
      "browser": 1
    }
  },
  {
    "pk": 45,
    "model": "app.browserdownload",
    "fields": {
      "username": "Chaney Levy",
      "download_price": "617.66",
      "os": 7,
      "download_date": "2012-10-05",
      "browser": 2
    }
  },
  {
    "pk": 46,
    "model": "app.browserdownload",
    "fields": {
      "username": "Gray Cotton",
      "download_price": "902.29",
      "os": 7,
      "download_date": "2012-09-04",
      "browser": 3
    }
  },
  {
    "pk": 47,
    "model": "app.browserdownload",
    "fields": {
      "username": "Tyrone Roman",
      "download_price": "84.19",
      "os": 7,
      "download_date": "2013-01-05",
      "browser": 1
    }
  },
  {
    "pk": 48,
    "model": "app.browserdownload",
    "fields": {
      "username": "Clayton Reilly",
      "download_price": "172.8",
      "os": 2,
      "download_date": "2013-07-07",
      "browser": 2
    }
  },
  {
    "pk": 49,
    "model": "app.browserdownload",
    "fields": {
      "username": "Barry Welch",
      "download_price": "997.06",
      "os": 6,
      "download_date": "2011-10-11",
      "browser": 3
    }
  },
  {
    "pk": 50,
    "model": "app.browserdownload",
    "fields": {
      "username": "James Donovan",
      "download_price": "588.64",
      "os": 7,
      "download_date": "2012-07-21",
      "browser": 5
    }
  },
  {
    "pk": 51,
    "model": "app.browserdownload",
    "fields": {
      "username": "Michael Baldwin",
      "download_price": "787.48",
      "os": null,
      "download_date": "2012-05-01",
      "browser": 5
    }
  },
  {
    "pk": 52,
    "model": "app.browserdownload",
    "fields": {
      "username": "Quinn Howell",
      "download_price": "870.21",
      "os": 5,
      "download_date": "2013-01-29",
      "browser": 1
    }
  },
  {
    "pk": 53,
    "model": "app.browserdownload",
    "fields": {
      "username": "Yuli Byrd",
      "download_price": "250.98",
      "os": 7,
      "download_date": "2013-03-25",
      "browser": 4
    }
  },
  {
    "pk": 54,
    "model": "app.browserdownload",
    "fields": {
      "username": "Emmanuel Bowman",
      "download_price": "334.85",
      "os": 3,
      "download_date": "2012-02-20",
      "browser": 5
    }
  },
  {
    "pk": 55,
    "model": "app.browserdownload",
    "fields": {
      "username": "Tad Pace",
      "download_price": "42.43",
      "os": 2,
      "download_date": "2012-12-28",
      "browser": 2
    }
  },
  {
    "pk": 56,
    "model": "app.browserdownload",
    "fields": {
      "username": "Hilel Clements",
      "download_price": "457.21",
      "os": null,
      "download_date": "2012-02-18",
      "browser": 3
    }
  },
  {
    "pk": 57,
    "model": "app.browserdownload",
    "fields": {
      "username": "Brock Shepherd",
      "download_price": "684.96",
      "os": 4,
      "download_date": "2011-10-26",
      "browser": 5
    }
  },
  {
    "pk": 58,
    "model": "app.browserdownload",
    "fields": {
      "username": "Barrett Hess",
      "download_price": "957.8",
      "os": 5,
      "download_date": "2013-02-09",
      "browser": 3
    }
  },
  {
    "pk": 59,
    "model": "app.browserdownload",
    "fields": {
      "username": "Hedley Schneider",
      "download_price": "633.57",
      "os": 6,
      "download_date": "2011-09-09",
      "browser": 4
    }
  },
  {
    "pk": 60,
    "model": "app.browserdownload",
    "fields": {
      "username": "Dean Church",
      "download_price": "869.54",
      "os": 1,
      "download_date": "2012-12-13",
      "browser": 3
    }
  },
  {
    "pk": 61,
    "model": "app.browserdownload",
    "fields": {
      "username": "Drew Carr",
      "download_price": "983.62",
      "os": 2,
      "download_date": "2012-03-23",
      "browser": 2
    }
  },
  {
    "pk": 62,
    "model": "app.browserdownload",
    "fields": {
      "username": "Connor Wilder",
      "download_price": "96.17",
      "os": 5,
      "download_date": "2011-10-07",
      "browser": 4
    }
  },
  {
    "pk": 63,
    "model": "app.browserdownload",
    "fields": {
      "username": "Mark Jensen",
      "download_price": "71.83",
      "os": null,
      "download_date": "2011-12-09",
      "browser": 5
    }
  },
  {
    "pk": 64,
    "model": "app.browserdownload",
    "fields": {
      "username": "Magee Cabrera",
      "download_price": "857.96",
      "os": null,
      "download_date": "2012-02-12",
      "browser": 2
    }
  },
  {
    "pk": 65,
    "model": "app.browserdownload",
    "fields": {
      "username": "Wylie Carroll",
      "download_price": "614.55",
      "os": 6,
      "download_date": "2012-05-02",
      "browser": 4
    }
  },
  {
    "pk": 66,
    "model": "app.browserdownload",
    "fields": {
      "username": "Kato Cochran",
      "download_price": "324.33",
      "os": null,
      "download_date": "2012-05-25",
      "browser": 3
    }
  },
  {
    "pk": 67,
    "model": "app.browserdownload",
    "fields": {
      "username": "Abel Good",
      "download_price": "155.93",
      "os": null,
      "download_date": "2013-02-24",
      "browser": 5
    }
  },
  {
    "pk": 68,
    "model": "app.browserdownload",
    "fields": {
      "username": "Jesse Ingram",
      "download_price": "373.32",
      "os": 2,
      "download_date": "2011-12-14",
      "browser": 2
    }
  },
  {
    "pk": 69,
    "model": "app.browserdownload",
    "fields": {
      "username": "Lars Conley",
      "download_price": "463.52",
      "os": 6,
      "download_date": "2013-06-14",
      "browser": 3
    }
  },
  {
    "pk": 70,
    "model": "app.browserdownload",
    "fields": {
      "username": "Caleb Graham",
      "download_price": "113.92",
      "os": 6,
      "download_date": "2012-02-11",
      "browser": 3
    }
  },
  {
    "pk": 71,
    "model": "app.browserdownload",
    "fields": {
      "username": "Rudyard Cherry",
      "download_price": "401.52",
      "os": 6,
      "download_date": "2012-01-24",
      "browser": 5
    }
  },
  {
    "pk": 72,
    "model": "app.browserdownload",
    "fields": {
      "username": "Drake Mendez",
      "download_price": "290.32",
      "os": 3,
      "download_date": "2012-12-24",
      "browser": 5
    }
  },
  {
    "pk": 73,
    "model": "app.browserdownload",
    "fields": {
      "username": "Philip Patton",
      "download_price": "943.04",
      "os": 2,
      "download_date": "2012-01-17",
      "browser": 2
    }
  },
  {
    "pk": 74,
    "model": "app.browserdownload",
    "fields": {
      "username": "Thane Castro",
      "download_price": "877.16",
      "os": 2,
      "download_date": "2012-04-03",
      "browser": 2
    }
  },
  {
    "pk": 75,
    "model": "app.browserdownload",
    "fields": {
      "username": "Jarrod Mcintyre",
      "download_price": "879.21",
      "os": 7,
      "download_date": "2012-04-28",
      "browser": 2
    }
  },
  {
    "pk": 76,
    "model": "app.browserdownload",
    "fields": {
      "username": "Armand Phelps",
      "download_price": "155.11",
      "os": null,
      "download_date": "2012-09-05",
      "browser": 1
    }
  },
  {
    "pk": 77,
    "model": "app.browserdownload",
    "fields": {
      "username": "Tucker Garrison",
      "download_price": "658.4",
      "os": 5,
      "download_date": "2011-12-18",
      "browser": 5
    }
  },
  {
    "pk": 78,
    "model": "app.browserdownload",
    "fields": {
      "username": "Merritt Juarez",
      "download_price": "2.55",
      "os": null,
      "download_date": "2011-12-24",
      "browser": 3
    }
  },
  {
    "pk": 79,
    "model": "app.browserdownload",
    "fields": {
      "username": "Malachi Soto",
      "download_price": "106.53",
      "os": 4,
      "download_date": "2012-05-09",
      "browser": 5
    }
  },
  {
    "pk": 80,
    "model": "app.browserdownload",
    "fields": {
      "username": "Ignatius Fields",
      "download_price": "426.38",
      "os": 7,
      "download_date": "2012-05-19",
      "browser": 1
    }
  },
  {
    "pk": 81,
    "model": "app.browserdownload",
    "fields": {
      "username": "Zeph Macias",
      "download_price": "162.55",
      "os": 1,
      "download_date": "2013-07-22",
      "browser": 2
    }
  },
  {
    "pk": 82,
    "model": "app.browserdownload",
    "fields": {
      "username": "Nero Vega",
      "download_price": "940.5",
      "os": 7,
      "download_date": "2012-05-31",
      "browser": 3
    }
  },
  {
    "pk": 83,
    "model": "app.browserdownload",
    "fields": {
      "username": "Jerome Williamson",
      "download_price": "370.29",
      "os": 1,
      "download_date": "2012-11-03",
      "browser": 4
    }
  },
  {
    "pk": 84,
    "model": "app.browserdownload",
    "fields": {
      "username": "Nash Burt",
      "download_price": "632.74",
      "os": 4,
      "download_date": "2012-01-05",
      "browser": 2
    }
  },
  {
    "pk": 85,
    "model": "app.browserdownload",
    "fields": {
      "username": "Herman Rodgers",
      "download_price": "346.37",
      "os": 4,
      "download_date": "2011-11-26",
      "browser": 2
    }
  },
  {
    "pk": 86,
    "model": "app.browserdownload",
    "fields": {
      "username": "Davis Mcpherson",
      "download_price": "757.89",
      "os": 1,
      "download_date": "2012-05-25",
      "browser": 4
    }
  },
  {
    "pk": 87,
    "model": "app.browserdownload",
    "fields": {
      "username": "Hunter Nelson",
      "download_price": "554.15",
      "os": 7,
      "download_date": "2011-11-27",
      "browser": 4
    }
  },
  {
    "pk": 88,
    "model": "app.browserdownload",
    "fields": {
      "username": "Wade Bryant",
      "download_price": "358.5",
      "os": 7,
      "download_date": "2011-11-20",
      "browser": 5
    }
  },
  {
    "pk": 89,
    "model": "app.browserdownload",
    "fields": {
      "username": "Mannix Rios",
      "download_price": "828.87",
      "os": 7,
      "download_date": "2011-12-13",
      "browser": 1
    }
  },
  {
    "pk": 90,
    "model": "app.browserdownload",
    "fields": {
      "username": "Murphy Michael",
      "download_price": "609.8",
      "os": 3,
      "download_date": "2011-10-21",
      "browser": 5
    }
  },
  {
    "pk": 91,
    "model": "app.browserdownload",
    "fields": {
      "username": "Kyle Solis",
      "download_price": "590.95",
      "os": 1,
      "download_date": "2011-12-18",
      "browser": 3
    }
  },
  {
    "pk": 92,
    "model": "app.browserdownload",
    "fields": {
      "username": "Yoshio Berger",
      "download_price": "274.58",
      "os": 2,
      "download_date": "2012-09-16",
      "browser": 5
    }
  },
  {
    "pk": 93,
    "model": "app.browserdownload",
    "fields": {
      "username": "Sebastian Mercer",
      "download_price": "225.62",
      "os": 3,
      "download_date": "2013-04-09",
      "browser": 5
    }
  },
  {
    "pk": 94,
    "model": "app.browserdownload",
    "fields": {
      "username": "Colt Dean",
      "download_price": "388.88",
      "os": null,
      "download_date": "2012-12-16",
      "browser": 3
    }
  },
  {
    "pk": 95,
    "model": "app.browserdownload",
    "fields": {
      "username": "Thaddeus Wade",
      "download_price": "145.83",
      "os": 5,
      "download_date": "2011-08-13",
      "browser": 1
    }
  },
  {
    "pk": 96,
    "model": "app.browserdownload",
    "fields": {
      "username": "Allistair Simpson",
      "download_price": "714.37",
      "os": 6,
      "download_date": "2012-12-17",
      "browser": 4
    }
  },
  {
    "pk": 97,
    "model": "app.browserdownload",
    "fields": {
      "username": "Leo Mejia",
      "download_price": "24.46",
      "os": 5,
      "download_date": "2013-05-28",
      "browser": 4
    }
  },
  {
    "pk": 98,
    "model": "app.browserdownload",
    "fields": {
      "username": "Craig Oconnor",
      "download_price": "506.71",
      "os": 2,
      "download_date": "2012-08-04",
      "browser": 1
    }
  },
  {
    "pk": 99,
    "model": "app.browserdownload",
    "fields": {
      "username": "Joseph Gilmore",
      "download_price": "14.1",
      "os": 6,
      "download_date": "2012-08-06",
      "browser": 3
    }
  },
  {
    "pk": 100,
    "model": "app.browserdownload",
    "fields": {
      "username": "Gray Benjamin",
      "download_price": "229.62",
      "os": 4,
      "download_date": "2013-05-15",
      "browser": 1
    }
  }
]
